NO,名称,名称_カナ,住所,方書,緯度,経度,標高,電話番号,内線番号,市区町村コード,都道府県名,市区町村名,災害種別_洪水,災害種別_崖崩れ、土石流及び地滑り,災害種別_高潮,災害種別_地震,災害種別_津波,災害種別_大規模な火事,災害種別_内水氾濫,災害種別_火山現象,指定避難所との重複,想定収容人数,対象となる町会・自治会,URL,備考
1,仁藤町公会堂,,仁藤町９－１,,34.7736591,138.0194464,,,,,静岡県,掛川市,0,0,,1,0,,,,,,,,
2,駅前公園,,駅前１３－１,,34.7711116,138.0176934,,,,,静岡県,掛川市,0,0,,1,0,,,,,,,,
3,塩町公会堂,,塩町８－９,,34.7714038,138.0191713,,,,,静岡県,掛川市,0,0,,1,0,,,,,,,,
4,塩町公会堂２階,,塩町８－９,,34.7714038,138.0191713,,,,,静岡県,掛川市,1,0,,0,0,,,,,,,,
5,喜町区公会堂,,喜町３－６,,34.7724744,138.021242,,,,,静岡県,掛川市,0,0,,1,0,,,,,,,,
6,新町区公会堂,,掛川３１,,34.7724333,138.0231088,,,,,静岡県,掛川市,0,0,,1,0,,,,,,,,
7,東伝寺,,掛川４２　,,34.7728077,138.0235814,,,,,静岡県,掛川市,0,0,,1,0,,,,,,,,
8,道神町公会堂,,葛川１６７－１２,,34.7727762,138.0225527,,,,,静岡県,掛川市,0,0,,1,0,,,,,,,,
9,加藤医院東側空地,,葛川８６,,34.7743325,138.0215348,,,,,静岡県,掛川市,0,0,,1,0,,,,,,,,
10,神明町公会堂,,掛川９１０－１,,34.7764065,138.0210081,,,,,静岡県,掛川市,1,1,,1,0,,,,,,,,
11,旭町公会堂,,旭町４２－５,,34.779339,138.0230643,,,,,静岡県,掛川市,0,1,,1,0,,,,,,,,
12,旭ケ丘公会堂,,旭ケ丘２丁目３－１,,34.7821498,138.0258404,,,,,静岡県,掛川市,0,1,,1,0,,,,,,,,
13,旭ヶ丘北公園,,旭ヶ丘２丁目１０－９,,34.7833234,138.0238414,,,,,静岡県,掛川市,0,0,,1,0,,,,,,,,
14,旭ヶ丘西公園,,旭ヶ丘１丁目３－４,,34.7817182,138.0220673,,,,,静岡県,掛川市,0,0,,1,0,,,,,,,,
15,旭ヶ丘南公園,,旭ヶ丘１丁目１８－１,,34.7807714,138.0228569,,,,,静岡県,掛川市,0,0,,1,0,,,,,,,,
16,紺屋町公会堂,,紺屋町６－１０,,34.7717311,138.014395,,,,,静岡県,掛川市,1,0,,1,0,,,,,,,,
17,中町公会堂,,掛川６１２－２,,34.7731067,138.0126593,,,,,静岡県,掛川市,1,0,,1,0,,,,,,,,
18,掛川商工会議所,,掛川５５１－２,,34.7739811,138.0124492,,,,,静岡県,掛川市,1,0,,0,0,,,,,,,,
19,緑町公会堂,,掛川１１３８－６２,,34.7733904,138.0141648,,,,,静岡県,掛川市,0,0,,1,0,,,,,,,,
20,蓮福寺,,肴町６,,34.7717245,138.0163416,,,,,静岡県,掛川市,1,0,,0,0,,,,,,,,
21,大手門駐車場,,城下８－１,,34.7736202,138.0170431,,,,,静岡県,掛川市,0,0,,1,0,,,,,,,,
22,松尾区公民館,,掛川１０６８－６,,34.7751068,138.0173299,,,,,静岡県,掛川市,0,0,,1,0,,,,,,,,
23,研屋町公会堂,,掛川３６２－２,,34.7719466,138.0128255,,,,,静岡県,掛川市,0,0,,1,0,,,,,,,,
24,新知川公園,,中央１丁目２０,,34.7716562,138.0095077,,,,,静岡県,掛川市,0,0,,1,0,,,,,,,,
25,瓦町公園(仮),,掛川４８６,,34.7735027,138.0110755,,,,,静岡県,掛川市,0,0,,1,0,,,,,,,,
26,日本キリスト教団掛川協会,,掛川５０２,,34.7740862,138.0117565,,,,,静岡県,掛川市,1,0,,0,0,,,,,,,,
27,下俣公会堂,,下俣１０９０－４,,34.7716188,138.0056281,,,,,静岡県,掛川市,0,0,,1,0,,,,,,,,
28,下俣児童公園,,中央２丁目１７－１,,34.7719357,138.0066623,,,,,静岡県,掛川市,0,0,,1,0,,,,,,,,
29,十九首公民館,,下俣１０４１－３,,34.7741919,138.004584,,,,,静岡県,掛川市,0,0,,1,0,,,,,,,,
30,十九首公民館２階,,下俣１０４１－３,,34.7741919,138.004584,,,,,静岡県,掛川市,1,0,,0,0,,,,,,,,
31,十九首水源地公園,,大池１４４５－１他,,34.7752813,138.0030573,,,,,静岡県,掛川市,0,0,,1,0,,,,,,,,
32,清崎公園,,清崎７７他,,34.7747311,137.9996349,,,,,静岡県,掛川市,0,0,,1,0,,,,,,,,
33,市営住宅十九首団地２階,,大池１４４５－１,,34.7749689,138.0038789,,,,,静岡県,掛川市,1,0,,0,0,,,,,,,,
34,おだか公園,,小鷹町３４,,34.7717163,138.0039916,,,,,静岡県,掛川市,0,0,,1,0,,,,,,,,
35,中央一丁目児童会館,,中央１丁目２５－６,,34.7689678,138.0094965,,,,,静岡県,掛川市,0,0,,1,0,,,,,,,,
36,中央二丁目集会所,,南西郷９０３－３,,34.7687035,138.0078063,,,,,静岡県,掛川市,0,0,,1,0,,,,,,,,
37,中央三丁目公会堂,,中央３丁目１２４,,34.7696484,138.0024625,,,,,静岡県,掛川市,0,0,,1,0,,,,,,,,
38,中央三丁目公園,,中央３丁目１３６,,34.7704861,138.0009068,,,,,静岡県,掛川市,0,0,,1,0,,,,,,,,
39,山麓公園,,中央高町４８,,34.7725554,137.9987449,,,,,静岡県,掛川市,0,0,,1,0,,,,,,,,
40,城西けやき公園,,城西２丁目１８２９－１４,,34.7767855,138.0051144,,,,,静岡県,掛川市,0,0,,1,0,,,,,,,,
41,城西公園,,城西１丁目１２６９－１,,34.7749558,138.0088736,,,,,静岡県,掛川市,0,0,,1,0,,,,,,,,
42,西保育園跡地,,城西２－３－６２,,34.7752676,138.0053634,,,,,静岡県,掛川市,0,0,,1,0,,,,,,,,
43,ココス掛川店駐車場,,城西２丁目６－１０,,34.77597,138.0072997,,,,,静岡県,掛川市,0,0,,1,0,,,,,,,,
44,ファッションセンターしまむら駐車場,,城西１丁目１２３４－１,,34.7760408,138.0112472,,,,,静岡県,掛川市,0,0,,1,0,,,,,,,,
45,二瀬川公会堂,,二瀬川１６－１３,,34.7773927,138.0002279,,,,,静岡県,掛川市,0,0,,1,0,,,,,,,,
46,七日町公園,,七日町１８０,,34.7787862,138.0027363,,,,,静岡県,掛川市,0,0,,1,0,,,,,,,,
47,さんりーな,,大池２２５０　,,34.7853968,138.0011787,,,,,静岡県,掛川市,1,1,,1,0,,,,,,,,
48,殊勝寺,,大池２４３７－１,,34.7829398,137.9961995,,,,,静岡県,掛川市,1,0,,1,0,,,,,,,,
49,遠山食堂,,大池２７５２－１,,34.7789993,137.9885168,,,,,静岡県,掛川市,0,1,,1,0,,,,,,,,
50,秋葉通り区公会堂,,大池５９４,,34.7762695,137.9925264,,,,,静岡県,掛川市,1,0,,1,0,,,,,,,,
51,鳥居町公会堂,,大池３７１,,34.7743942,137.9950056,,,,,静岡県,掛川市,0,0,,1,0,,,,,,,,
52,つくし会館,,長谷４３３,,34.7701093,137.9920267,,,,,静岡県,掛川市,0,0,,1,0,,,,,,,,
53,つくし会館２階,,長谷４３３,,34.7701093,137.9920267,,,,,静岡県,掛川市,1,0,,0,0,,,,,,,,
54,立花公園,,長谷２４７－２,,34.7701188,137.9913327,,,,,静岡県,掛川市,0,0,,1,0,,,,,,,,
55,末広公会堂,,大池７７８－５,,34.7695883,137.9878108,,,,,静岡県,掛川市,0,0,,1,0,,,,,,,,
56,秋葉路秋公園,,秋葉路２４－５,,34.7825439,137.9925166,,,,,静岡県,掛川市,0,0,,1,0,,,,,,,,
57,秋葉路自然公園,,秋葉路２５－２５,,34.7807955,137.9919596,,,,,静岡県,掛川市,0,0,,1,0,,,,,,,,
58,秋葉路夏公園,,秋葉路２６－１２,,34.7849136,137.9955726,,,,,静岡県,掛川市,0,0,,1,0,,,,,,,,
59,秋葉路西公園,,秋葉路３３－１,,34.7809908,137.9900532,,,,,静岡県,掛川市,0,0,,1,0,,,,,,,,
60,秋葉路春公園,,秋葉路１３－３３他,,34.7809559,137.9925741,,,,,静岡県,掛川市,0,0,,1,0,,,,,,,,
61,秋葉路冬公園,,秋葉路７－１２他,,34.7824124,137.9951295,,,,,静岡県,掛川市,0,0,,1,0,,,,,,,,
62,長谷公会堂,,長谷２丁目１２－２,,34.7660581,137.9912847,,,,,静岡県,掛川市,0,0,,1,0,,,,,,,,
63,杉谷公会堂,,杉谷一丁目１２－３９,,34.7647334,138.0325025,,,,,静岡県,掛川市,0,1,,1,0,,,,,,,,
64,杉谷南公会堂,,杉谷南二丁目１１－５,,34.7635945,138.0312781,,,,,静岡県,掛川市,0,0,,1,0,,,,,,,,
65,上張区公会堂,,上張１５２４,,34.7661185,138.0265387,,,,,静岡県,掛川市,0,1,,1,0,,,,,,,,
66,新道区公会堂,,上張５０９－１０,,34.7695623,138.0196265,,,,,静岡県,掛川市,0,1,,1,0,,,,,,,,
67,しらさぎ公園,,緑ヶ丘１丁目７,,34.7688102,138.0211164,,,,,静岡県,掛川市,0,0,,1,0,,,,,,,,
68,緑ケ丘公会堂,,緑ケ丘二丁目１－２２,,34.7703726,138.023911,,,,,静岡県,掛川市,1,0,,1,0,,,,,,,,
69,弥八公園,,緑ヶ丘２丁目１３,,34.7687069,138.0260459,,,,,静岡県,掛川市,0,0,,1,0,,,,,,,,
70,矢崎公会堂,,掛川市矢崎町６－１,,34.7622913,138.0232122,,,,,静岡県,掛川市,1,1,,1,0,,,,,,,,
71,葵町公会堂,,葵町１９－３,,34.7689615,138.0274263,,,,,静岡県,掛川市,1,0,,0,0,,,,,,,,
72,あおい公園,,葵町１８４,,34.7714081,138.0280877,,,,,静岡県,掛川市,0,0,,1,0,,,,,,,,
73,下俣区公会堂,,下俣南一丁目９－６,,34.7653436,138.0048499,,,,,静岡県,掛川市,0,0,,1,0,,,,,,,,
74,久保公会堂,,久保二丁目２２－５,,34.7625197,138.0071864,,,,,静岡県,掛川市,0,1,,1,0,,,,,,,,
75,久保公園,,久保２丁目６５,,34.7641735,138.009106,,,,,静岡県,掛川市,0,0,,1,0,,,,,,,,
76,亀の甲公会堂,,亀の甲一丁目１３－７,,34.7671992,138.0110414,,,,,静岡県,掛川市,0,0,,1,0,,,,,,,,
77,神代地公民館,,南二丁目８－７,,34.7672008,138.0173959,,,,,静岡県,掛川市,1,0,,1,0,,,,,,,,
78,駅南公園,,南２丁目５８,,34.7659513,138.0163128,,,,,静岡県,掛川市,0,0,,1,0,,,,,,,,
79,結縁寺公会堂,,結縁寺,,34.7589594,138.0182759,,,,,静岡県,掛川市,1,1,,1,0,,,,,,,,
80,桶田公民館,,上内田２８４－１,,34.7458749,138.0543336,,,,,静岡県,掛川市,1,1,,1,0,,,,,,,,
81,五百済公会堂,,上内田２０８５－５,,34.7508275,138.0495657,,,,,静岡県,掛川市,0,1,,1,0,,,,,,,,
82,段金谷公民館,,上内田１１０６,,34.7468101,138.0469498,,,,,静岡県,掛川市,0,1,,1,0,,,,,,,,
83,上内田福祉事務所,,上内田７７３－１,,34.7452452,138.043998,,,,,静岡県,掛川市,1,0,,0,0,,,,,,,,
84,下板沢公会堂,,板沢３１７－５１,,34.7527554,138.037464,,,,,静岡県,掛川市,1,1,,1,0,,,,,,,,
85,上板沢公会堂,,板沢９４５－２,,34.7544236,138.0262219,,,,,静岡県,掛川市,0,1,,1,0,,,,,,,,
86,和田公会堂,,和田４４８－４,,34.747004,138.0343627,,,,,静岡県,掛川市,0,0,,1,0,,,,,,,,
87,子隣公民館,,子隣１２２,,34.7418223,138.040995,,,,,静岡県,掛川市,1,1,,1,0,,,,,,,,
88,子隣公園,,子隣２８３の１８,,34.7409665,138.0446556,,,,,静岡県,掛川市,0,0,,1,0,,,,,,,,
89,岩井寺公会堂,,岩井寺２６７,,34.7393558,138.0342258,,,,,静岡県,掛川市,1,0,,1,0,,,,,,,,
90,大谷公会堂,,上内田８８５－１,,34.7459468,138.0405067,,,,,静岡県,掛川市,1,0,,1,0,,,,,,,,
91,満水公会堂,,満水９４５－１,,34.7742658,138.0493266,,,,,静岡県,掛川市,1,0,,1,0,,,,,,,,
92,薗ケ谷公民館,,薗ケ谷１４７,,34.7851879,138.0432568,,,,,静岡県,掛川市,1,0,,1,0,,,,,,,,
93,宮脇公民館,,宮脇７８７－１,,34.7820724,138.0362783,,,,,静岡県,掛川市,0,1,,1,0,,,,,,,,
94,すこやか広場,,宮脇７８８－８,,34.7839088,138.0271417,,,,,静岡県,掛川市,0,0,,1,0,,,,,,,,
95,安養寺公園,,淡陽１１６他,,34.7904699,138.0422808,,,,,静岡県,掛川市,0,0,,1,0,,,,,,,,
96,市営住宅宮脇第２団地北広場,,宮脇１丁目４－１,,34.7791066,138.0270624,,,,,静岡県,掛川市,0,0,,1,0,,,,,,,,
97,成滝区公会堂,,印内３６,,34.7761559,138.0316342,,,,,静岡県,掛川市,1,0,,1,0,,,,,,,,
98,葛川区公会堂,,葛川２２５－１,,34.7755073,138.0276679,,,,,静岡県,掛川市,0,1,,0,0,,,,,,,,
99,葛川変電所北空き地,,葛川２０９－４,,34.7764977,138.0260913,,,,,静岡県,掛川市,0,0,,1,0,,,,,,,,
100,葛川区コミュニティ広場,,葛川９９９－２,,34.7759111,138.0288032,,,,,静岡県,掛川市,0,0,,1,0,,,,,,,,
101,八幡神社,,葛川３５付近,,34.7754727,138.0233694,,,,,静岡県,掛川市,1,0,,0,0,,,,,,,,
102,青葉台公会堂,,青葉台１－１８,,34.7731739,138.0322848,,,,,静岡県,掛川市,0,1,,1,0,,,,,,,,
103,金城公会堂,,金城１２,,34.7745539,138.0291593,,,,,静岡県,掛川市,1,0,,1,0,,,,,,,,
104,金城公園,,金城５４,,34.7748511,138.0294541,,,,,静岡県,掛川市,0,0,,1,0,,,,,,,,
105,宮村公民館,,八坂１６２－２,,34.7957373,138.0724635,,,,,静岡県,掛川市,1,0,,1,0,,,,,,,,
106,海老名公会堂,,八坂１３９８－１,,34.7912048,138.0805368,,,,,静岡県,掛川市,0,1,,1,0,,,,,,,,
107,道の駅掛川,,八坂８８２－１,,34.7941142,138.076022,,,,,静岡県,掛川市,1,1,,0,0,,,,,,,,
108,影森公会堂,,八坂１２００－８,,34.7888401,138.0746526,,,,,静岡県,掛川市,1,1,,1,0,,,,,,,,
109,日吉神社,,八坂１１４４,,34.789653,138.0731553,,,,,静岡県,掛川市,1,1,,1,0,,,,,,,,
110,帝釈帝,,八坂１１１６－７,,34.7907476,138.0756319,,,,,静岡県,掛川市,1,1,,1,0,,,,,,,,
111,塩井川原公会堂,,八坂４１４－２,,34.7876928,138.0700958,,,,,静岡県,掛川市,0,0,,1,0,,,,,,,,
112,塩井川原公会堂２階,,八坂４１４－２,,34.7876928,138.0700958,,,,,静岡県,掛川市,1,0,,0,0,,,,,,,,
113,寺ｹ谷公会堂,,本所１３２０－２,,34.7930831,138.0665476,,,,,静岡県,掛川市,1,1,,1,0,,,,,,,,
114,伊達方公会堂,,伊達方４９２,,34.7849631,138.0636255,,,,,静岡県,掛川市,1,1,,1,0,,,,,,,,
115,本所公会堂,,本所２５５－１,,34.7848387,138.0597675,,,,,静岡県,掛川市,1,1,,1,0,,,,,,,,
116,原子公会堂,,伊達方１４２０,,34.7940163,138.0598927,,,,,静岡県,掛川市,1,1,,1,0,,,,,,,,
117,木割公会堂,,千羽１７６１,,34.790031,138.0531032,,,,,静岡県,掛川市,1,1,,1,0,,,,,,,,
118,千羽公会堂,,千羽６７４－２,,34.7908755,138.0471605,,,,,静岡県,掛川市,0,0,,1,0,,,,,,,,
119,山鼻公会堂,,千羽４５４,,34.7860896,138.0498546,,,,,静岡県,掛川市,0,1,,1,0,,,,,,,,
120,池下公会堂,,逆川３３５－２０,,34.7821158,138.0473293,,,,,静岡県,掛川市,1,1,,0,0,,,,,,,,
121,竹嶋善彦宅前広場,,逆川３３７－１,,34.7818002,138.0476655,,,,,静岡県,掛川市,0,0,,1,0,,,,,,,,
122,雇用促進住宅逆川宿舎,,逆川２８６－１,,34.7828221,138.0478151,,,,,静岡県,掛川市,1,0,,0,0,,,,,,,,
123,牛頭公会堂,,逆川８４０－３２,,34.7795105,138.0561497,,,,,静岡県,掛川市,1,1,,1,0,,,,,,,,
124,下町公会堂,,日坂１３８－２,,34.80328,138.0754803,,,,,静岡県,掛川市,1,0,,1,0,,,,,,,,
125,本町地区公民館,,日坂１１２,,34.8044939,138.0759431,,,,,静岡県,掛川市,1,0,,1,0,,,,,,,,
126,川向公会堂,,日坂８０６、８０７の一部,,34.8057395,138.0768439,,,,,静岡県,掛川市,1,1,,1,0,,,,,,,,
127,大野中上公会堂,,大野５７８－４,,34.8124212,138.0683023,,,,,静岡県,掛川市,1,1,,1,0,,,,,,,,
128,大野下公会堂,,大野１５０－２,,34.8042772,138.0704329,,,,,静岡県,掛川市,1,1,,0,0,,,,,,,,
129,東山第一部公会堂,,東山２２２７－１,,34.8240348,138.0720178,,,,,静岡県,掛川市,1,0,,1,0,,,,,,,,
130,富士東製茶農協,,東山７３０,,34.8340941,138.0764028,,,,,静岡県,掛川市,0,0,,1,0,,,,,,,,
131,東山茶業組合,,東山１８２１－１２　,,34.8308636,138.0839072,,,,,静岡県,掛川市,0,0,,1,0,,,,,,,,
132,山東茶業工場,,東山１９８３－１,,34.8263723,138.0965106,,,,,静岡県,掛川市,1,0,,1,0,,,,,,,,
133,水垂公民館,,水垂８３８－１,,34.7906979,138.0262028,,,,,静岡県,掛川市,1,1,,1,0,,,,,,,,
134,よいとこ広場,,光陽７５,,34.7934697,138.0313229,,,,,静岡県,掛川市,0,0,,1,0,,,,,,,,
135,大多郎東公園,,大多郎８４,,34.7862757,138.0264586,,,,,静岡県,掛川市,0,0,,1,0,,,,,,,,
136,ききょう荘広場,,水垂４７９－１,,34.788771,138.0220843,,,,,静岡県,掛川市,0,0,,1,0,,,,,,,,
137,掛川市生涯学習センター広場,,御所原１６６,,34.7789789,138.0181803,,,,,静岡県,掛川市,0,0,,1,0,,,,,,,,
138,会下の谷公民館,,初馬９８０,,34.7968644,138.0223585,,,,,静岡県,掛川市,1,1,,1,0,,,,,,,,
139,栃沢公民館,,初馬３７１１－２,,34.8042298,138.0401591,,,,,静岡県,掛川市,1,1,,1,0,,,,,,,,
140,湯治ケ谷公民館,,初馬３６１－２,,34.7950903,138.0180124,,,,,静岡県,掛川市,1,1,,1,0,,,,,,,,
141,西山公会堂（初馬）,,初馬４４８７,,34.8214709,138.0571535,,,,,静岡県,掛川市,1,0,,1,0,,,,,,,,
142,石上公民館,,初馬３４３４－１,,34.7987709,138.0410307,,,,,静岡県,掛川市,1,1,,1,0,,,,,,,,
143,初馬５区公会堂,,初馬１５４５－１,,34.80198,138.0299432,,,,,静岡県,掛川市,1,1,,1,0,,,,,,,,
144,初馬９区公会堂,,初馬２９８６－４,,34.8005995,138.0380753,,,,,静岡県,掛川市,1,1,,1,0,,,,,,,,
145,初馬会館,,初馬２０４５－２,,34.799017,138.0319446,,,,,静岡県,掛川市,1,1,,1,0,,,,,,,,
146,粟本地域生涯学習センター,,初馬８５７－１,,34.7968882,138.0255942,,,,,静岡県,掛川市,1,1,,1,0,,,,,,,,
147,なかよし公園,,初馬２５１７－５２,,34.8045455,138.0338175,,,,,静岡県,掛川市,0,0,,1,0,,,,,,,,
148,初馬団地公会堂,,初馬２５１７－１５,,34.8039694,138.0344389,,,,,静岡県,掛川市,1,1,,0,0,,,,,,,,
149,葛ケ丘会館,,葛ケ丘二丁目８－２,,34.7898178,138.0313712,,,,,静岡県,掛川市,0,1,,1,0,,,,,,,,
150,北門公民館,,北門１８９－５,,34.7794956,138.0151333,,,,,静岡県,掛川市,1,0,,1,0,,,,,,,,
151,北門公園,,北門１４２,,34.7785582,138.0157019,,,,,静岡県,掛川市,0,0,,1,0,,,,,,,,
152,城北町公会堂,,城北二丁目１３－１５,,34.7778121,138.0071904,,,,,静岡県,掛川市,1,0,,1,0,,,,,,,,
153,城北公園,,城北２丁目７１９－３,,34.7777786,138.0067329,,,,,静岡県,掛川市,0,0,,1,0,,,,,,,,
154,弥生公園,,弥生町１００,,34.7792363,138.0119444,,,,,静岡県,掛川市,0,0,,1,0,,,,,,,,
155,農協やよい支所,,弥生町２３４,,34.778306,138.0130965,,,,,静岡県,掛川市,1,0,,0,0,,,,,,,,
156,谷の口公民館,,天王町８９,,34.7827133,138.0144589,,,,,静岡県,掛川市,1,1,,1,0,,,,,,,,
157,谷の口公園,,谷の口町７７他,,34.7844264,138.0135501,,,,,静岡県,掛川市,0,0,,1,0,,,,,,,,
158,天王公園,,天王町５６,,34.7818052,138.015195,,,,,静岡県,掛川市,0,0,,1,0,,,,,,,,
159,下西郷記念公園,,柳町８３,,34.7817633,138.0110111,,,,,静岡県,掛川市,0,0,,1,0,,,,,,,,
160,中宿公園,,中宿１３１,,34.780365,138.0071709,,,,,静岡県,掛川市,0,0,,1,0,,,,,,,,
161,城北地区ふれあいセンター,,城北２丁目１２－２,,34.778168,138.0067298,,,,,静岡県,掛川市,0,0,,1,0,,,,,,,,
162,不動ヶ谷公園,,和光三丁目４－２,,34.7818039,138.0045362,,,,,静岡県,掛川市,0,0,,1,0,,,,,,,,
163,中宿公民館,,中宿２１,,34.7807469,138.0076589,,,,,静岡県,掛川市,0,0,,1,0,,,,,,,,
164,永江院,,和光３丁目１２－２,,34.7836869,138.0067262,,,,,静岡県,掛川市,1,0,,0,0,,,,,,,,
165,小和田前公民館,,倉真１０９２－３,,34.8122451,138.0255502,,,,,静岡県,掛川市,0,1,,0,0,,,,,,,,
166,倉真報徳社,,倉真８３７,,34.8090904,138.024901,,,,,静岡県,掛川市,0,1,,1,0,,,,,,,,
167,２区公民館,,倉真１７２５,,34.8112938,138.0333978,,,,,静岡県,掛川市,1,1,,0,0,,,,,,,,
168,３区公民館,,倉真３４８９－２,,34.8234962,138.037007,,,,,静岡県,掛川市,0,0,,1,0,,,,,,,,
169,倉真地域生涯学習センター,,倉真３８０８－１,,34.8162845,138.0361772,,,,,静岡県,掛川市,1,1,,0,0,,,,,,,,
170,４区公民館,,倉真６４２２－１,,34.827863,138.0336045,,,,,静岡県,掛川市,0,0,,1,0,,,,,,,,
171,新東名高速道路ＳＡ,,倉真７５０７－２３　,,34.8416168,138.042106,,,,,静岡県,掛川市,1,1,,0,0,,,,,,,,
172,６区公民館,,倉真８０１８,,34.8406427,138.0556539,,,,,静岡県,掛川市,0,1,,1,0,,,,,,,,
173,７区公民館,,倉真２７０５－４３,,34.8145891,138.030573,,,,,静岡県,掛川市,0,1,,1,0,,,,,,,,
174,小市公民館,,上西郷４３１－４,,34.788497,138.0123504,,,,,静岡県,掛川市,1,1,,1,0,,,,,,,,
175,方の橋公民館,,上西郷１２５９－２,,34.7935481,138.0095721,,,,,静岡県,掛川市,1,1,,1,0,,,,,,,,
176,下五明公会堂,,五明６６－１，６６－１１,,34.7954042,138.0064597,,,,,静岡県,掛川市,1,1,,1,0,,,,,,,,
177,構江公民館,,上西郷２４４９－１,,34.8049359,138.0106944,,,,,静岡県,掛川市,1,0,,1,0,,,,,,,,
178,構江遊園地,,上西郷２３６８,,34.8045547,138.0092461,,,,,静岡県,掛川市,0,0,,1,0,,,,,,,,
179,石畑公民館,,上西郷２７６４－１,,34.8086873,138.0121363,,,,,静岡県,掛川市,0,1,,1,0,,,,,,,,
180,石ケ谷区公民館,,上西郷３０３６－５,,34.8112831,138.0101809,,,,,静岡県,掛川市,0,1,,1,0,,,,,,,,
181,美人ケ谷公民館,,上西郷４０２９,,34.8130218,138.0134299,,,,,静岡県,掛川市,0,1,,1,0,,,,,,,,
182,三笠幼稚園,,上西郷４１１６,,34.8108077,138.0175343,,,,,静岡県,掛川市,0,1,,1,0,,,,,,,,
183,滝の谷公民館,,上西郷４５９３－２,,34.8191444,138.0183516,,,,,静岡県,掛川市,1,1,,1,0,,,,,,,,
184,長間区公民館,,上西郷６０３３ー１,,34.824819,138.0254953,,,,,静岡県,掛川市,0,1,,1,0,,,,,,,,
185,特別養護老人ホーム福祉の郷,,上西郷７９２１－１,,34.8185714,138.0236303,,,,,静岡県,掛川市,0,1,,1,0,,,,,,,,
186,大飛公民館,,五明５１６－１,,34.8065614,138.0037102,,,,,静岡県,掛川市,1,0,,1,0,,,,,,,,
187,大宮公民館,,五明８２１－１,,34.8086672,138.0035888,,,,,静岡県,掛川市,1,0,,1,0,,,,,,,,
188,中五明集会所,,五明２８９－２,,34.8032764,138.0037843,,,,,静岡県,掛川市,1,1,,1,0,,,,,,,,
189,大和田公会堂,,大和田３４９－８,,34.8469616,138.0073399,,,,,静岡県,掛川市,1,1,,1,0,,,,,,,,
190,孕丹公民館,,丹間１５－１,,34.8535767,138.0152783,,,,,静岡県,掛川市,1,0,,1,0,,,,,,,,
191,農協原泉支所広場,,孕石６０－２,,34.8510428,138.0150448,,,,,静岡県,掛川市,0,0,,1,0,,,,,,,,
192,萩間区公民館,,萩間４２８－６,,34.8661409,138.0188046,,,,,静岡県,掛川市,1,0,,0,0,,,,,,,,
193,居尻公民館,,居尻５６８,,34.8786386,138.0182901,,,,,静岡県,掛川市,0,0,,1,0,,,,,,,,
194,ならここの湯,,居尻１７９,,34.8756986,138.0162405,,,,,静岡県,掛川市,1,1,,0,0,,,,,,,,
195,元茶工場,,黒俣５２５－２,,34.8915212,138.0388128,,,,,静岡県,掛川市,1,0,,1,0,,,,,,,,
196,寺島公民館,,寺島８４２,,34.8273686,137.9581096,,,,,静岡県,掛川市,0,0,,1,0,,,,,,,,
197,桑地公会堂,,原里７８,,34.8269783,137.9634417,,,,,静岡県,掛川市,0,1,,1,0,,,,,,,,
198,原田高架下公園,,寺島１３３０付近,,34.8319952,137.9628918,,,,,静岡県,掛川市,0,0,,1,0,,,,,,,,
199,正道集会所,,原里２２８９の一部,,34.8409827,137.9778089,,,,,静岡県,掛川市,1,1,,1,0,,,,,,,,
200,正道公民館,,原里２１９７,,34.8391498,137.9773008,,,,,静岡県,掛川市,1,1,,1,0,,,,,,,,
201,高山区公会堂,,原里１２７５－１,,34.8387046,137.9661094,,,,,静岡県,掛川市,0,1,,1,0,,,,,,,,
202,平島公民館,,平島８５１－１,,34.8437575,137.9873745,,,,,静岡県,掛川市,1,1,,1,0,,,,,,,,
203,久居島公会堂,,久居島４２２,,34.8551532,137.9719267,,,,,静岡県,掛川市,1,0,,1,0,,,,,,,,
204,中西之谷老人憩の家,,中西之谷６２５,,34.8620991,137.980607,,,,,静岡県,掛川市,0,1,,1,0,,,,,,,,
205,西之谷公民館,,上西之谷８０－１,,34.8656739,137.9843563,,,,,静岡県,掛川市,1,1,,1,0,,,,,,,,
206,本郷西区公会堂,,本郷１４４７－１,,34.8125915,137.9548227,,,,,静岡県,掛川市,0,0,,1,0,,,,,,,,
207,本郷東公会堂,,本郷２１２－１,,34.8036983,137.9571624,,,,,静岡県,掛川市,1,0,,1,0,,,,,,,,
208,本郷南区公会堂,,本郷６７２－１,,34.8049572,137.9537975,,,,,静岡県,掛川市,0,0,,1,0,,,,,,,,
209,細谷区公民館,,細谷９２４,,34.792306,137.9637707,,,,,静岡県,掛川市,0,1,,1,0,,,,,,,,
210,幡鎌公会堂,,幡鎌３０６－１,,34.814397,137.950456,,,,,静岡県,掛川市,0,0,,1,0,,,,,,,,
211,西山公会堂（西山）,,西山３３６－２,,34.8061999,137.9470395,,,,,静岡県,掛川市,1,0,,1,0,,,,,,,,
212,家代南公会堂,,家代１２２－２,,34.7909126,137.9802686,,,,,静岡県,掛川市,0,1,,1,0,,,,,,,,
213,大輝建設２階,,家代６５－１,,34.788925,137.9831323,,,,,静岡県,掛川市,1,0,,0,0,,,,,,,,
214,小林工業２階,,家代２１９５－１,,34.7887765,137.978872,,,,,静岡県,掛川市,1,0,,0,0,,,,,,,,
215,平野鋳造,,遊家３３６－１５,,34.8094157,137.9765495,,,,,静岡県,掛川市,1,0,,1,0,,,,,,,,
216,堀式商店遊家工場,,遊家７８０,,34.8080821,137.9709706,,,,,静岡県,掛川市,1,1,,1,0,,,,,,,,
217,宇洞公会堂,,家代１４３６－１,,34.7948088,137.9735354,,,,,静岡県,掛川市,1,1,,1,0,,,,,,,,
218,宮中公民館,,下垂木１－１,,34.7990734,137.9879726,,,,,静岡県,掛川市,1,1,,1,0,,,,,,,,
219,小山平公会堂,,下垂木２８９０－３,,34.7806681,137.985282,,,,,静岡県,掛川市,0,0,,1,0,,,,,,,,
220,下垂木南区公会堂,,下垂木１０９７－２,,34.7854674,137.9861726,,,,,静岡県,掛川市,0,1,,1,0,,,,,,,,
221,桜木地域生涯学習センター桜木ホール,,下垂木１２７０－２,,34.7885601,137.9862219,,,,,静岡県,掛川市,0,1,,1,0,,,,,,,,
222,下垂木北公園,,下垂木８００－３６他,,34.7903698,137.9885908,,,,,静岡県,掛川市,0,1,,1,0,,,,,,,,
223,鰯原公会堂,,下垂木４７８－３,,34.7943876,137.9925253,,,,,静岡県,掛川市,0,1,,0,0,,,,,,,,
224,鰯原ゲートボール場,,下垂木４６４,,34.7922546,137.9928166,,,,,静岡県,掛川市,0,0,,1,0,,,,,,,,
225,飛鳥公会堂,,下垂木３８２２－１,,34.7904593,137.9975583,,,,,静岡県,掛川市,1,0,,1,0,,,,,,,,
226,飛鳥公園,,下垂木３５０３－３９,,34.7880218,137.9948184,,,,,静岡県,掛川市,0,0,,1,0,,,,,,,,
227,新田公会堂,,下垂木２９５２－２,,34.7829666,137.988314,,,,,静岡県,掛川市,0,1,,1,0,,,,,,,,
228,十二所神社広場,,下垂木２９０７,,34.7807498,137.9869756,,,,,静岡県,掛川市,0,0,,1,0,,,,,,,,
229,下垂木二区公会堂,,下垂木１８２１－３１,,34.784074,137.980878,,,,,静岡県,掛川市,0,0,,1,0,,,,,,,,
230,下垂木三区公民館,,下垂木２１９２,,34.7804962,137.979902,,,,,静岡県,掛川市,0,0,,1,0,,,,,,,,
231,富部区公会堂,,富部９６１－３,,34.7812717,137.9720488,,,,,静岡県,掛川市,1,1,,1,0,,,,,,,,
232,森平公会堂,,富部７９５－８,,34.7840316,137.9765104,,,,,静岡県,掛川市,1,1,,1,0,,,,,,,,
233,吉岡公民館,,吉岡９４７－１,,34.7912099,137.9536278,,,,,静岡県,掛川市,0,1,,0,0,,,,,,,,
234,大満寺跡地,,吉岡９８２,,34.7927485,137.9541139,,,,,静岡県,掛川市,0,0,,1,0,,,,,,,,
235,大塚古墳公園,,高田１２９８－１,,34.7975542,137.9469197,,,,,静岡県,掛川市,0,0,,1,0,,,,,,,,
236,農協和田岡支所広場,,吉岡６９６－３,,34.7834427,137.9547777,,,,,静岡県,掛川市,0,0,,1,0,,,,,,,,
237,高田公会堂,,高田６８－４,,34.7859927,137.9499467,,,,,静岡県,掛川市,1,0,,1,0,,,,,,,,
238,瀬戸山組公会堂,,吉岡１６３３－６,,34.7912808,137.9432847,,,,,静岡県,掛川市,0,0,,1,0,,,,,,,,
239,各和公民館,,各和２１３－１,,34.7731983,137.9597044,,,,,静岡県,掛川市,0,1,,1,0,,,,,,,,
240,つくし野区公会堂,,細谷７３６－３９、２０８５－２５,,34.7836024,137.9673026,,,,,静岡県,掛川市,0,1,,1,0,,,,,,,,
241,つくし野公園,,細谷７３６－３８,,34.7834876,137.9669066,,,,,静岡県,掛川市,0,0,,1,0,,,,,,,,
242,市営住宅吉岡団地集会所,,吉岡２１５－１,,34.7830813,137.962269,,,,,静岡県,掛川市,0,0,,1,0,,,,,,,,
243,細田公会堂,,細田１８,,34.7695633,137.9824338,,,,,静岡県,掛川市,0,0,,1,0,,,,,,,,
244,勤労者福祉会館２階,,大池２７９８－１１,,34.7721725,137.9881116,,,,,静岡県,掛川市,1,0,,0,0,,,,,,,,
245,岡津公会堂,,岡津４４８－１,,34.7709408,137.9696494,,,,,静岡県,掛川市,1,0,,1,0,,,,,,,,
246,原川公会堂,,原川７１－７,,34.7636198,137.9634909,,,,,静岡県,掛川市,1,0,,1,0,,,,,,,,
247,徳泉六所神社社務所,,徳泉９,,34.7578546,137.9595414,,,,,静岡県,掛川市,0,0,,1,0,,,,,,,,
248,新家東組集会所,,領家字黒田１３６７－２,,34.7767241,137.9738572,,,,,静岡県,掛川市,0,0,,1,0,,,,,,,,
249,綱川公会堂,,領家９４０－２,,34.7684807,137.9752389,,,,,静岡県,掛川市,0,0,,1,0,,,,,,,,
250,領家二区公会堂,,領家３７０－１,,34.762701,137.9744439,,,,,静岡県,掛川市,0,0,,1,0,,,,,,,,
251,領家三区公会堂,,領家８４２－６,,34.762043,137.98154,,,,,静岡県,掛川市,1,1,,1,0,,,,,,,,
252,高御所公会堂,,高御所２５１,,34.7640012,137.9867352,,,,,静岡県,掛川市,1,1,,1,0,,,,,,,,
253,篠場公会堂,,篠場５２９,,34.7556404,137.9778708,,,,,静岡県,掛川市,1,1,,1,0,,,,,,,,
254,平野区公会堂,,平野２３１,,34.7536319,137.9771509,,,,,静岡県,掛川市,0,0,,1,0,,,,,,,,
255,梅橋公会堂,,梅橋１４３,,34.7543926,137.9654331,,,,,静岡県,掛川市,0,0,,1,0,,,,,,,,
256,千浜東ｺﾐｭﾆﾃｨ防災ｾﾝﾀｰ２階,,千浜６３８５－１,,34.6560511,138.0786642,,,,,静岡県,掛川市,0,0,,1,0,,,,,,,,
257,鳴海屋旅館３階,,千浜６２７６　,,34.6579035,138.080077,,,,,静岡県,掛川市,0,0,,1,0,,,,,,,,
258,若杉組事務所３階,,千浜６１４１,,34.6584971,138.0790025,,,,,静岡県,掛川市,0,0,,1,0,,,,,,,,
259,いのち山,,千浜６０２１,,34.6597347,138.0779555,,,,,静岡県,掛川市,0,0,,1,1,,,,,,,,
260,キャタラー坂里駐車場,,坂里５２６－２,,34.6638296,138.0814827,,,,,静岡県,掛川市,0,0,,1,0,,,,,,,,
261,千浜西ｺﾐｭﾆﾃｨ防災ｾﾝﾀｰ,,千浜４５３１－３,,34.6617302,138.0755819,,,,,静岡県,掛川市,1,0,,1,1,,,,,,,,
262,千浜西公民館,,千浜４５３１－１,,34.6617466,138.0754127,,,,,静岡県,掛川市,1,0,,1,0,,,,,,,,
263,市営住宅千浜西団地Ｂ棟,,千浜４９１５,,34.6596633,138.0699757,,,,,静岡県,掛川市,0,0,,0,1,,,,,,,,
264,成行八幡宮裏山,,千浜４５３１,,34.6616781,138.0759666,,,,,静岡県,掛川市,0,0,,0,1,,,,,,,,
265,お地蔵様（高義神社）,,千浜５０２９－１,,34.6610591,138.0725614,,,,,静岡県,掛川市,0,0,,0,1,,,,,,,,
266,国浜ｺﾐｭﾆﾃｨ防災ｾﾝﾀｰ,,国安７４１,,34.665581,138.0681572,,,,,静岡県,掛川市,1,0,,1,1,,,,,,,,
267,大東支所,,三俣６２０,,34.6654903,138.0548911,,,,,静岡県,掛川市,1,0,,1,1,,,,,,,,
268,睦浜ｺﾐｭﾆﾃｨ防災ｾﾝﾀｰ,,浜川新田４２０,,34.6633101,138.0531284,,,,,静岡県,掛川市,0,0,,1,0,,,,,,,,
269,浜野ｺﾐｭﾆﾃｨ防災ｾﾝﾀｰ,,浜野８７１,,34.6648317,138.0381228,,,,,静岡県,掛川市,0,0,,1,0,,,,,,,,
270,惣兵衛山避難地,,,,34.6713341,138.0397174,,,,,静岡県,掛川市,0,0,,0,1,,,,,,,,
271,太田坂避難地,,,,34.6718843,138.0387423,,,,,静岡県,掛川市,0,0,,0,1,,,,,,,,
272,かぐら山(いのち山),,,,34.660398,138.0319124,,,,,静岡県,掛川市,0,0,,0,1,,,,,,,,
273,好（ハオ）駐車場,,大坂２１７０－３,,34.6697612,138.0298853,,,,,静岡県,掛川市,0,0,,0,1,,,,,,,,
274,かとうペットショップ前,,大坂２０５８－４,,34.671186,138.0337049,,,,,静岡県,掛川市,0,0,,0,1,,,,,,,,
275,大坂コミュニティ防災センター,,大坂１４２８－６,,34.6691448,138.0401432,,,,,静岡県,掛川市,0,1,,1,0,,,,,,,,
276,老人福祉センター山王荘広場,,大坂２４４３　,,34.6718165,138.0353487,,,,,静岡県,掛川市,0,0,,0,1,,,,,,,,
277,三井コミュニティ防災センター,,大坂５１０３－１,,34.6812685,138.0426633,,,,,静岡県,掛川市,1,1,,1,1,,,,,,,,
278,太田集会所,,大坂２９６６,,34.6745548,138.0399861,,,,,静岡県,掛川市,1,1,,1,1,,,,,,,,
279,寺部公会堂,,大坂３７８３－２,,34.681801,138.0355707,,,,,静岡県,掛川市,1,1,,0,1,,,,,,,,
280,東大坂研修センター,,大坂６７３７－１,,34.6773592,138.0518883,,,,,静岡県,掛川市,1,0,,1,0,,,,,,,,
281,下中公会堂,,下土方１３５２,,34.6999167,138.0473517,,,,,静岡県,掛川市,0,1,,1,0,,,,,,,,
282,畑ヶ谷集会所,,下土方３５８４－１,,34.6904973,138.0422448,,,,,静岡県,掛川市,1,1,,1,0,,,,,,,,
283,介護付有料老人ホームアグリ大東結,,川久保１１３６－１,,34.6859082,138.0533223,,,,,静岡県,掛川市,1,1,,1,0,,,,,,,,
284,嶺向公会堂,,上土方嶺向４９８－１,,34.7040104,138.0407846,,,,,静岡県,掛川市,1,1,,1,0,,,,,,,,
285,下北公会堂,,下土方１５２－１,,34.7037458,138.0458285,,,,,静岡県,掛川市,0,1,,1,0,,,,,,,,
286,大坪台集会所,,大坪台８２,,34.711204,138.039619,,,,,静岡県,掛川市,1,1,,1,0,,,,,,,,
287,上土方ｺﾐｭﾆﾃｨｾﾝﾀｰ,,入山瀬３２５,,34.7197655,138.027305,,,,,静岡県,掛川市,1,1,,1,0,,,,,,,,
288,上土方南公会堂,,上土方３１５－１,,34.7124867,138.0349659,,,,,静岡県,掛川市,1,1,,1,0,,,,,,,,
289,今滝公会堂,,今滝２６４－１,,34.7090207,138.0270794,,,,,静岡県,掛川市,1,1,,1,0,,,,,,,,
290,小貫公会堂,,小貫３８４－１,,34.7160885,138.047812,,,,,静岡県,掛川市,1,1,,1,0,,,,,,,,
291,佐束公民館,,中方５７３－１,,34.7157313,138.056058,,,,,静岡県,掛川市,1,1,,1,0,,,,,,,,
292,高瀬農業構造改善ｾﾝﾀｰ,,高瀬１５０１－２,,34.7253031,138.047446,,,,,静岡県,掛川市,1,1,,1,0,,,,,,,,
293,高瀬ガーデンヒル集会場,,高瀬２１３０外,,34.7218466,138.0519816,,,,,静岡県,掛川市,0,0,,1,0,,,,,,,,
294,岩滑公会堂,,岩滑１３６７,,34.7026263,138.0668108,,,,,静岡県,掛川市,0,1,,1,0,,,,,,,,
295,中方農業構造改善ｾﾝﾀｰ,,中方３５４－１,,34.7115737,138.0584532,,,,,静岡県,掛川市,0,1,,1,0,,,,,,,,
296,西之谷集会所,,西之谷７２５,,34.6967066,138.0641958,,,,,静岡県,掛川市,1,0,,1,0,,,,,,,,
297,毛森集会所,,中４５７６－１,,34.6937789,138.0547758,,,,,静岡県,掛川市,0,1,,1,0,,,,,,,,
298,睦三会館,,中５９８９－１,,34.697708,138.0581279,,,,,静岡県,掛川市,1,1,,1,0,,,,,,,,
299,中地区ｺﾐｭﾆﾃｨ防災ｾﾝﾀｰ,,中３８９１－１,,34.684593,138.0602862,,,,,静岡県,掛川市,0,1,,0,0,,,,,,,,
300,公文公会堂,,中２９８０,,34.6844383,138.0621172,,,,,静岡県,掛川市,0,1,,0,0,,,,,,,,
301,下方公会堂,,中３５２６－１,,34.681779,138.0626643,,,,,静岡県,掛川市,0,1,,0,0,,,,,,,,
302,高塚農事集会所,,中２８１,,34.6795605,138.061336,,,,,静岡県,掛川市,0,1,,0,0,,,,,,,,
303,満勝寺駐車場,,中３５２９,,34.6809069,138.0626631,,,,,静岡県,掛川市,0,0,,1,0,,,,,,,,
304,毛森山,,,,34.6953042,138.056866,,,,,静岡県,掛川市,0,0,,1,0,,,,,,,,
305,川原町公会堂,,西大渕５７０１,,34.6810957,137.9888794,,,,,静岡県,掛川市,0,0,,1,0,,,,,,,,
306,浄泉寺,,西大渕５７３４,,34.6807339,137.992636,,,,,静岡県,掛川市,0,0,,1,0,,,,,,,,
307,松室神社,,西大渕５７４９,,34.6817412,137.9904314,,,,,静岡県,掛川市,0,0,,1,0,,,,,,,,
308,汐見ヶ丘公民館,,西大渕５９２５－２,,34.6844739,137.9890823,,,,,静岡県,掛川市,0,0,,1,0,,,,,,,,
309,大須賀運動場,,西大渕６２２０－１,,34.6874943,137.9915689,,,,,静岡県,掛川市,0,0,,1,0,,,,,,,,
310,十六軒町公会堂,,横須賀１０７８－２,,34.681686,137.985893,,,,,静岡県,掛川市,0,0,,1,0,,,,,,,,
311,西大谷公会堂,,西大渕６３９３－５,,34.6925444,137.9863528,,,,,静岡県,掛川市,1,1,,1,0,,,,,,,,
312,東本町公民館,,横須賀５８６,,34.6819893,137.9823194,,,,,静岡県,掛川市,0,0,,1,0,,,,,,,,
313,中本町公民館,,横須賀１４５４,,34.6815525,137.9813459,,,,,静岡県,掛川市,0,1,,1,0,,,,,,,,
314,いろは公園,,横須賀１４５０－１,,34.681431,137.9810862,,,,,静岡県,掛川市,0,0,,1,0,,,,,,,,
315,西本町公会堂,,西大渕５３１３,,34.6820709,137.9792654,,,,,静岡県,掛川市,0,0,,1,0,,,,,,,,
316,長円寺,,西大渕５５２０,,34.6838617,137.9793591,,,,,静岡県,掛川市,1,1,,1,0,,,,,,,,
317,沢上町公民館,,西大渕５５２５－８,,34.6845556,137.9801842,,,,,静岡県,掛川市,1,1,,1,0,,,,,,,,
318,めじろ台公園,,横須賀７２１,,34.6880329,137.9830788,,,,,静岡県,掛川市,0,0,,1,0,,,,,,,,
319,水神宮御拝殿前,,横須賀４２５,,34.6845172,137.9761466,,,,,静岡県,掛川市,0,0,,0,1,,,,,,,,
320,横須賀城跡地,,,,34.6852977,137.9708914,,,,,静岡県,掛川市,0,0,,1,1,,,,,,,,
321,元富士電気空き地,,,,34.6850233,137.9726545,,,,,静岡県,掛川市,0,0,,1,1,,,,,,,,
322,石津八幡神社,,山﨑５１３,,34.6872325,137.9576122,,,,,静岡県,掛川市,1,0,,1,0,,,,,,,,
323,横砂公会堂,,山崎５９４１－８,,34.6857535,137.9662625,,,,,静岡県,掛川市,0,0,,1,0,,,,,,,,
324,小谷田公会堂,,山崎１３８６－１,,34.6872847,137.9689114,,,,,静岡県,掛川市,1,1,,1,0,,,,,,,,
325,清ヶ谷公会堂,,山崎２８９３,,34.6950121,137.9691174,,,,,静岡県,掛川市,0,1,,0,0,,,,,,,,
326,屋台小屋北側空地,,山﨑２８４５－１,,34.6943277,137.968412,,,,,静岡県,掛川市,0,0,,1,0,,,,,,,,
327,本谷公民館,,山崎６０１１－３,,34.7247751,137.9899482,,,,,静岡県,掛川市,1,0,,1,0,,,,,,,,
328,西田町公民館,,西大渕４２２６,,34.6835132,137.973244,,,,,静岡県,掛川市,0,0,,1,0,,,,,,,,
329,大工町ゲートボール場,,西大渕５２８８－３南側,,34.6809929,137.9775066,,,,,静岡県,掛川市,0,0,,1,0,,,,,,,,
330,雇用促進住宅大須賀宿舎集会所,,西大渕４３４０－３,,34.680904,137.9747056,,,,,静岡県,掛川市,0,0,,1,0,,,,,,,,
331,今沢公民館,,西大渕１６６１－１,,34.6742618,137.9730589,,,,,静岡県,掛川市,1,0,,1,0,,,,,,,,
332,川原崎公会堂,,西大渕４３０６－１０,,34.6801567,137.9745467,,,,,静岡県,掛川市,0,0,,1,0,,,,,,,,
333,雇用促進住宅大須賀宿舎３階,,西大渕４３０６－９,,34.6806652,137.9751344,,,,,静岡県,掛川市,0,0,,0,1,,,,,,,,
334,洋望台１号公園,,洋望台３－３,,34.6816861,137.989901,,,,,静岡県,掛川市,0,0,,1,1,,,,,,,,
335,野賀区公民館,,大渕１３５６３－２,,34.6729416,138.0235845,,,,,静岡県,掛川市,1,1,,1,0,,,,,,,,
336,野賀区ゲートボール場,,大渕１３５８０西側,,34.6727675,138.0231611,,,,,静岡県,掛川市,0,0,,1,1,,,,,,,,
337,熊野神社,,大渕１４２９０,,34.6728923,138.0301242,,,,,静岡県,掛川市,0,0,,1,1,,,,,,,,
338,岡原公民館,,大渕１２０７６－２,,34.6753421,138.0115717,,,,,静岡県,掛川市,1,1,,1,0,,,,,,,,
339,コミュニティセンター「はまかぜ」,,大渕５１６８－１,,34.6702898,138.0120106,,,,,静岡県,掛川市,0,0,,1,0,,,,,,,,
340,新明園,,大渕１２６７７,,34.6721024,138.0171412,,,,,静岡県,掛川市,0,0,,0,1,,,,,,,,
341,クロネコヤマト掛川大東センター北,,大渕１３２１４－１,,34.6752191,138.0213358,,,,,静岡県,掛川市,0,0,,0,1,,,,,,,,
342,東大谷公民館,,大渕１１４２０－１,,34.6909928,138.0094195,,,,,静岡県,掛川市,1,1,,1,0,,,,,,,,
343,野中公民館,,大渕１０８１０－２,,34.6768831,138.0024619,,,,,静岡県,掛川市,1,1,,1,1,,,,,,,,
344,岩瀬造園前,,大渕１０６１９－２　,,34.6812529,138.0002325,,,,,静岡県,掛川市,0,0,,0,1,,,,,,,,
345,藤塚公民館,,大渕７３３３－１,,34.6733722,138.004905,,,,,静岡県,掛川市,1,1,,0,0,,,,,,,,
346,藤塚公園,,大渕７３３３西側広場,,34.6733344,138.0045349,,,,,静岡県,掛川市,0,0,,1,0,,,,,,,,
347,高室神社,,大渕７３６５,,34.674263,138.0055263,,,,,静岡県,掛川市,0,0,,0,1,,,,,,,,
348,岡原区高台,,,,34.6760542,138.0183733,,,,,静岡県,掛川市,0,0,,0,1,,,,,,,,
349,雨垂公民館,,大渕８３４３－１,,34.6710306,138.0021675,,,,,静岡県,掛川市,1,0,,1,1,,,,,,,,
350,花屋敷区公園,,上西郷１８４３－４２,,34.7998519,138.0156579,,,,,静岡県,掛川市,0,0,,1,0,,,,,,,,
351,津波避難タワー「国安・千浜西」,,国安１３４２,,34.6585904,138.0687924,,,,,静岡県,掛川市,0,0,,1,1,,,,,,,,
352,津波避難タワー「菊浜」,,菊浜４３４－１,,34.6608944,138.0608058,,,,,静岡県,掛川市,0,0,,1,1,,,,,,,,
353,矢崎部品(株)大浜工場厚生棟屋上,,国包１３６０,,34.6677449,138.0656478,,,,,静岡県,掛川市,0,0,,1,1,,,,,,,,
354,倉敷繊維加工（株)静岡工場　津波避難施設,,浜川新田２０５２　,,34.6522566,138.0531447,,,,,静岡県,掛川市,0,0,,0,1,,,,,,,,
355,三笠製薬(株)掛川工場　第五工場棟,,国安２６７９　,,34.653332,138.0583664,,,,,静岡県,掛川市,0,0,,0,1,,,,,,,,
356,津波避難タワー「今沢」,,西大渕１５６３－１,,34.6744316,137.9731188,,,,,静岡県,掛川市,0,0,,1,1,,,,,,,,
357,介護老人保健施設あおばケアガーデン,,大渕４３４５　,,34.6694151,138.0164107,,,,,静岡県,掛川市,1,0,,0,1,,,,,,,,
358,ダイトーケミックス（株）静岡工場 本館,,浜野３１１０,,34.657856,138.030766,,,,,静岡県,掛川市,0,0,,0,1,,,,,,,,
359,藤森工業（株）掛川事業所 FB工場棟,,菊浜６３０,,34.657924,138.060777,,,,,静岡県,掛川市,0,0,,0,1,,,,,,,,
360,メルクパフォーマンスマテリアルズ合同会社,,千浜３３３０－１,,34.666884,138.07333,,,,,静岡県,掛川市,0,0,,0,1,,,,,,,,
361,介護老人福祉施設くにやす苑,,国安１７１７－１,,34.655907,138.066376,,,,,静岡県,掛川市,0,0,,0,1,,,,,,,,
362,焼津水産化学工業（株）大東第1工場第2プラント,,国安３０００－１,,34.651437,138.066478,,,,,静岡県,掛川市,0,0,,0,1,,,,,,,,
363,（株）エス・テック 工場棟,,国安２４－２１,,34.669293,138.076918,,,,,静岡県,掛川市,0,0,,0,1,,,,,,,,
364,（株）キャタラー 東側高台,,千浜８０９０－２６,,34.648377,138.078633,,,,,静岡県,掛川市,0,0,,0,1,,,,,,,,
365,磐田化学工業（株） 大須賀工場 造粒工場棟,,山崎２４６４,,34.690956,137.967371,,,,,静岡県,掛川市,0,0,,0,1,,,,,,,,
366,SPOONⅢ（アパート）,,西大渕４２８８－１,,34.680996,137.971505,,,,,静岡県,掛川市,0,0,,0,1,,,,,,,,
367,神代地自主防災会避難所,,南２－９５,,34.767387,138.017378,,,,,静岡県,掛川市,1,0,,1,0,,,,,,,,
368,掛川市美感ホール,,亀の甲１－１３－７,,34.767043,138.011541,,,,,静岡県,掛川市,0,0,,1,0,,,,,,,,
369,掛川市文化会館シオーネ,,大坂７３７３,,34.684543,138.051893,,,,,静岡県,掛川市,0,0,,1,0,,,,,,,,
370,掛川市立西中学校,,下俣１００７－１,,34.7734763,138.0001828,,,,,静岡県,掛川市,1,0,,0,0,,,,,4126,,,
371,静岡県立掛川工業高校,,葵町１５－１,,34.7704382,138.0282913,,,,,静岡県,掛川市,1,0,,0,0,,,,,1175,,,
372,静岡県立掛川東高校,,南西郷１３５７,,34.7600135,138.0049271,,,,,静岡県,掛川市,1,0,,1,0,,,,,920,,,
373,掛川市立上内田小学校,,上内田３３２５,,34.7475858,138.0422263,,,,,静岡県,掛川市,1,0,,1,0,,,,,668,,,
374,掛川市立東中学校,,葛川１０３９,,34.7797034,138.0242159,,,,,静岡県,掛川市,0,1,,1,0,,,,,1414,,,
375,掛川市立西山口小学校,,成滝１４５,,34.7785068,138.0360873,,,,,静岡県,掛川市,1,0,,0,0,,,,,896,,,
376,掛川市立日坂小学校,,大野３－１,,34.8026828,138.0729398,,,,,静岡県,掛川市,0,0,,1,0,,,,,596,,,
377,掛川市東山地域生涯学習センター,,東山１２６５－２　,,34.8365271,138.0772019,,,,,静岡県,掛川市,0,0,,0,0,,,,,56,,,
378,掛川市立城北小学校,,水垂１７８,,34.7858313,138.0170363,,,,,静岡県,掛川市,0,0,,1,0,,,,,4630,,,
379,掛川市立倉真小学校,,倉真３７７４　,,34.8170359,138.03636,,,,,静岡県,掛川市,1,1,,0,0,,,,,538,,,
380,掛川市立北中学校,,上西郷２２０－２,,34.7920046,138.0162389,,,,,静岡県,掛川市,1,1,,1,0,,,,,1656,,,
381,掛川市立西郷小学校,,上西郷２６０６－２,,34.8062994,138.012994,,,,,静岡県,掛川市,1,1,,1,0,,,,,921,,,
382,掛川市さくら咲く学校,,萩間４２３,,34.865747,138.0193245,,,,,静岡県,掛川市,0,0,,1,0,,,,,419,,,
383,掛川市立原田小学校,,原里１６２３－１,,34.8392303,137.9664243,,,,,静岡県,掛川市,1,0,,0,0,,,,,470,,,
384,掛川市立原谷小学校,,本郷５６１－１,,34.8062699,137.9539584,,,,,静岡県,掛川市,1,0,,1,0,,,,,807,,,
385,掛川市立桜木小学校,,下垂木１４７２－１,,34.7945051,137.9857146,,,,,静岡県,掛川市,1,1,,1,0,,,,,1261,,,
386,掛川市立曽我小学校,,領家３８４　,,34.7635094,137.9759633,,,,,静岡県,掛川市,0,1,,1,0,,,,,526,,,
387,掛川市立曽我小学校２階,,領家３８４　,,34.7635094,137.9759633,,,,,静岡県,掛川市,1,0,,0,0,,,,,526,,,
388,掛川市立千浜小学校,,千浜５８４９,,34.6591296,138.07464,,,,,静岡県,掛川市,0,0,,0,1,,,,,1304,,,
389,掛川市立大浜中学校,,大坂１１４７　,,34.6668448,138.0460797,,,,,静岡県,掛川市,1,0,,1,1,,,,,1473,,,
390,掛川市立大坂小学校,,大坂５６６７,,34.6754852,138.0469057,,,,,静岡県,掛川市,1,0,,0,1,,,,,904,,,
391,掛川市立佐束小学校,,小貫１４７４,,34.7164503,138.0530605,,,,,静岡県,掛川市,1,0,,0,0,,,,,512,,,
392,掛川市立大須賀中学校,,横須賀１００７,,34.6863259,137.9874059,,,,,静岡県,掛川市,0,0,,1,1,,,,,1115,,,
393,静岡県立横須賀高校,,横須賀１４９１－１,,34.6828807,137.982273,,,,,静岡県,掛川市,1,0,,1,1,,,,,1226.2899,,,
394,三五教,,横須賀７２５－８,,34.6893077,137.9782278,,,,,静岡県,掛川市,0,1,,1,1,,,,,269.3121667,,,
395,掛川市立横須賀小学校,,横須賀１１１０,,34.6795853,137.9847266,,,,,静岡県,掛川市,1,0,,1,1,,,,,721.9748667,,,
396,掛川市立大渕小学校,,大渕５６０２　,,34.6719948,138.0127648,,,,,静岡県,掛川市,1,0,,1,1,,,,,543.6476,,,
397,大渕農村環境改善センター（アイク）,,大渕６８８１－２,,34.6732163,138.0095237,,,,,静岡県,掛川市,1,0,,0,0,,,,,222.6618333,,,
398,掛川市南体育館,,大渕１４２３４－１　,,34.672692,138.0282,,,,,静岡県,掛川市,0,0,,0,0,,,,,484.4,,,
399,掛川市大東保健センター,,三俣６２０,,34.666401,138.055336,,,,,静岡県,掛川市,0,0,,0,0,,,,,,,,
400,掛川市大須賀中央公民館,,西大渕１００,,34.686268,137.973772,,,,,静岡県,掛川市,0,1,,0,0,,,,,351.2175,,,
401,掛川市立土方小学校,,上土方２８６－１,,34.707558,138.041559,,,,,静岡県,掛川市,0,0,,0,0,,,,,536.8341333,,,
402,掛川市立城東中学校,,下土方６８０,,34.710376,138.046163,,,,,静岡県,掛川市,0,0,,0,0,,,,,802.8802333,,,
403,掛川市大東北公民館,,下土方２６７－１,,34.703446,138.047541,,,,,静岡県,掛川市,0,0,,0,0,,,,,263,,,
404,掛川市立中小学校,,中３０８０,,34.688422,138.059592,,,,,静岡県,掛川市,0,0,,0,0,,,,,401.12337,,,
405,掛川市立和田岡小学校,,吉岡６３９－２,,34.7846,137.955155,,,,,静岡県,掛川市,0,0,,0,0,,,,,663,,,
406,静岡県総合教育センター,,富部４５６,,34.787112,137.970239,,,,,静岡県,掛川市,0,0,,0,0,,,,,,,,
407,掛川市立桜が丘中学校,,富部７１６,,34.782477,137.975059,,,,,静岡県,掛川市,0,0,,0,0,,,,,1379,,,
408,掛川市立第二小学校,,大池４３８－１,,34.77449,137.994156,,,,,静岡県,掛川市,0,0,,0,0,,,,,868,,,
409,静岡県立掛川西高校,,城西１－１－６,,34.775615,138.012476,,,,,静岡県,掛川市,0,0,,0,0,,,,,1215,,,
410,掛川市立第一小学校,,掛川１１０８－１,,34.776212,138.016793,,,,,静岡県,掛川市,0,0,,0,0,,,,,1337,,,
411,掛川市総合福祉センター,,掛川９１０－１,,34.777057,138.021321,,,,,静岡県,掛川市,0,0,,0,0,,,,,325,,,
412,掛川市立栄川中学校,,本所５３８,,34.782962,138.059925,,,,,静岡県,掛川市,0,0,,0,0,,,,,834,,,
413,掛川市たまりーな,,満水１６５２　　,,34.774854,138.059951,,,,,静岡県,掛川市,0,0,,0,0,,,,,,,,
414,掛川市立原野谷中学校,,寺島１５,,34.822108,137.955458,,,,,静岡県,掛川市,0,0,,0,0,,,,,887,,,
415,掛川市立中央小学校,,下俣６３３,,34.770006,138.005393,,,,,静岡県,掛川市,0,0,,0,0,,,,,1088,,,
416,掛川市千浜農村環境改善センター,,千浜４００２,,,,,,,,静岡県,掛川市,0,0,,0,0,,,,,,,,
417,家代の里学習館プラザ,,家代の里２丁目４－１,,34.789962,137.978078,,,,,静岡県,掛川市,1,0,,1,0,,,,,,,,
418,三浦製材所,,日坂１２,,34.800982,138.075515,,,,,静岡県,掛川市,0,1,,1,0,,,,,,,,
